pair_id,run_id,label,tier,notes,task_mode,provider,model,prompt_level,part_id,family,reference_path,generated_path,reference_mesh_path,generated_mesh_path,fast_mode,sample_points,voxel_pitch_mm,grading_profile,pass_rate,quality_score_0_100,overall_pass,valid_cad_rate,alignment_quality_icp_fitness,alignment_inlier_rmse_mm,chamfer_distance_mm,edge_chamfer_mm,hausdorff_95p_mm,hausdorff_99p_mm,point_to_surface_mean_mm,point_to_surface_max_mm,volume_diff_percent,signed_volume_diff_percent,surface_area_diff_percent,bbox_error_max_mm,bbox_error_axis_x_mm,bbox_error_axis_y_mm,bbox_error_axis_z_mm,obb_error_max_mm,centroid_offset_mm,inertia_tensor_error,mass_properties_error,component_count_match,watertight_manifold_pass,self_intersection_count,euler_genus_match,void_hole_count_match,feature_count_match,critical_dimension_error_mm,tolerance_band_pass_rate,feature_edge_distance_mm,normal_consistency,normal_angle_error_deg,curvature_distribution_error,cross_section_iou,slice_contour_distance_mm,voxel_iou,occupancy_precision,occupancy_recall,occupancy_f1,emd_distance,silhouette_iou,render_ssim,render_lpips,registration_failure_rate,composite_weighted_score
flange_0003__L2__anthropic__claude-sonnet-4-20250514__r1,parametric_claude_sonnet_v1,positive,,,generate,anthropic,claude-sonnet-4-20250514,L2,flange_0003,flange,./benchmark_v1/references_parametric/flange_0003.step,./.stepscore_harness_runs/parametric_claude_sonnet_v1/jobs/flange_0003__L2__anthropic__claude-sonnet-4-20250514__r1/attempt_01/generated.step,,./.stepscore_harness_runs/parametric_claude_sonnet_v1/jobs/flange_0003__L2__anthropic__claude-sonnet-4-20250514__r1/attempt_01/generated.stl,True,10000,2.0,full_44,0.5681818181818182,51.751559082029395,False,1.0,0.77925,2.3971328474963767,1.7463583029070358,7.0301087567909555,5.773129589580596,9.106082197598415,1.7506081696880607,11.916227079507516,2.724985203246207e-07,2.724985203246207e-07,3.0609475656692117e-07,0.1831977200469197,0.024953746056013415,0.07245294583680106,0.1831977200469197,16.742306111170137,0.027229566739854976,0.0007716954049611126,0.0004592905362437491,1.0,1.0,0.0,1.0,1.0,1.0,0.09353480397991139,1.0,7.030108121655152,0.8752623323337143,12.117242187836991,0.0,0.007246376811594203,10.269278020573097,0.8336762688614541,0.908785046728972,0.9098053892215568,0.9092949317374228,0.07607474123382307,0.07922195272840339,0.17078896917935238,0.8292110308206476,0.0,0.6917600480197158
flange_0003__L3__anthropic__claude-sonnet-4-20250514__r1,parametric_claude_sonnet_v1,positive,,,generate,anthropic,claude-sonnet-4-20250514,L3,flange_0003,flange,./benchmark_v1/references_parametric/flange_0003.step,./.stepscore_harness_runs/parametric_claude_sonnet_v1/jobs/flange_0003__L3__anthropic__claude-sonnet-4-20250514__r1/attempt_01/generated.step,,./.stepscore_harness_runs/parametric_claude_sonnet_v1/jobs/flange_0003__L3__anthropic__claude-sonnet-4-20250514__r1/attempt_01/generated.stl,True,10000,2.0,full_44,0.6136363636363636,53.73553533268222,False,1.0,0.80075,1.8046516995886128,1.5212359702784197,2.7796559806888235,3.07787812281418,5.96119771517768,1.5200120223599678,6.87835148759262,2.0261094810301098e-08,2.0261094810301098e-08,2.2713822849517474e-08,0.14006194280629813,0.005910716370379987,0.04289735093504987,0.14006194280629813,26.505049902534182,0.09120645068459932,0.0005899721566797673,0.0005409855927557912,1.0,1.0,0.0,1.0,1.0,1.0,0.06295667003724266,1.0,2.779659257856568,0.9032879370850667,10.085875180790078,0.0,0.004680544645195077,7.894649345593819,0.8895575221238938,0.9426106526631658,0.9404940119760479,0.9415511427500936,0.08957926914732285,0.08538420502055517,0.17876651903137805,0.8212334809686219,0.0,0.7580657758707026
flange_0012__L2__anthropic__claude-sonnet-4-20250514__r1,parametric_claude_sonnet_v1,positive,,,generate,anthropic,claude-sonnet-4-20250514,L2,flange_0012,flange,./benchmark_v1/references_parametric/flange_0012.step,./.stepscore_harness_runs/parametric_claude_sonnet_v1/jobs/flange_0012__L2__anthropic__claude-sonnet-4-20250514__r1/attempt_01/generated.step,,./.stepscore_harness_runs/parametric_claude_sonnet_v1/jobs/flange_0012__L2__anthropic__claude-sonnet-4-20250514__r1/attempt_01/generated.stl,True,10000,2.0,full_44,0.5,49.926748332244344,False,1.0,0.78725,1.969197183117664,1.601056840083011,4.227597721240219,4.079326316579858,6.76011468182112,1.6029784489326548,8.080126984405485,3.6591115481180186e-07,3.6591115481180186e-07,7.592319350879273e-08,0.050397891174149834,0.02537194707809931,0.04320764930488963,0.050397891174149834,20.0398677315342,0.05583459157291523,0.00022168049345658433,0.0002644877418727512,1.0,1.0,0.0,1.0,1.0,1.0,0.039659162519046255,1.0,4.227567988529517,0.823052719292819,16.957557644358193,0.0,0.00808545008912656,9.986632887384495,0.8066717210007581,0.8888888888888888,0.897133220910624,0.892992026856903,0.06879703171346731,0.08288039837300373,0.1675094825015843,0.8324905174984157,0.0,0.7139775081570061
flange_0012__L3__anthropic__claude-sonnet-4-20250514__r1,parametric_claude_sonnet_v1,negative,,,generate,anthropic,claude-sonnet-4-20250514,L3,flange_0012,flange,./benchmark_v1/references_parametric/flange_0012.step,./.stepscore_harness_runs/parametric_claude_sonnet_v1/jobs/flange_0012__L3__anthropic__claude-sonnet-4-20250514__r1/attempt_01/generated.step,,./.stepscore_harness_runs/parametric_claude_sonnet_v1/jobs/flange_0012__L3__anthropic__claude-sonnet-4-20250514__r1/attempt_01/generated.stl,True,10000,2.0,full_44,0.5,41.99133982821543,False,1.0,0.87575,1.4679550617267716,1.429961587428088,6.114413455317698,2.9270789316307186,6.521485327061163,1.3214602519026528,5.792141370147901,6.266318334114196,6.266318334114196,6.497144968196807,0.12330000718907641,0.0036340066378812708,0.04089128277806253,0.12330000718907641,3.6295925094046595,0.35100229895291013,0.0507945514944281,0.02636317560435964,1.0,1.0,0.0,0.0,0.0,0.4,0.05594176553500674,1.0,0.7990399654151908,0.9214212449401482,7.733283803707791,0.020017380814279798,0.0,10.520944334418122,0.8845360824742268,0.9758871701546861,0.904300168634064,0.9387308533916848,0.061890245952909706,0.07429033336216209,0.1924646215853304,0.8075353784146696,0.0,0.6884571259128492
flange_0021__L2__anthropic__claude-sonnet-4-20250514__r1,parametric_claude_sonnet_v1,positive,,,generate,anthropic,claude-sonnet-4-20250514,L2,flange_0021,flange,./benchmark_v1/references_parametric/flange_0021.step,./.stepscore_harness_runs/parametric_claude_sonnet_v1/jobs/flange_0021__L2__anthropic__claude-sonnet-4-20250514__r1/attempt_01/generated.step,,./.stepscore_harness_runs/parametric_claude_sonnet_v1/jobs/flange_0021__L2__anthropic__claude-sonnet-4-20250514__r1/attempt_01/generated.stl,True,10000,2.0,full_44,0.5681818181818182,50.75101968842246,False,1.0,0.7925,2.0671436201224687,1.6259359859712028,3.7949978930855446,4.1317701675526965,7.430815536905409,1.622651997821149,9.28710910576685,4.130622164252685e-08,4.130622164252685e-08,1.670852814525951e-08,0.08500459886204581,0.019839100564979617,0.04718890961154898,0.08500459886204581,14.254891833538835,0.046348749253792114,0.00038415336904761065,0.00032552139348751395,1.0,1.0,0.0,1.0,1.0,1.0,0.05067753634619147,1.0,3.7949955169116154,0.8531838288359846,14.480305130751054,0.0,0.0,10.115952192709813,0.8338485316846986,0.9059613769941226,0.9128595600676819,0.9093973872734935,0.06648993799389294,0.08712675961581536,0.1659740248709564,0.8340259751290436,0.0,0.7194284867059841
flange_0021__L3__anthropic__claude-sonnet-4-20250514__r1,parametric_claude_sonnet_v1,negative,,,generate,anthropic,claude-sonnet-4-20250514,L3,flange_0021,flange,./benchmark_v1/references_parametric/flange_0021.step,./.stepscore_harness_runs/parametric_claude_sonnet_v1/jobs/flange_0021__L3__anthropic__claude-sonnet-4-20250514__r1/attempt_01/generated.step,,./.stepscore_harness_runs/parametric_claude_sonnet_v1/jobs/flange_0021__L3__anthropic__claude-sonnet-4-20250514__r1/attempt_01/generated.stl,True,10000,2.0,full_44,0.5,43.400249074047444,False,1.0,0.88275,1.420291155131576,1.437251559843664,5.4282745959771805,2.74809413260882,7.64687170918636,1.3025959629847321,5.612573730455785,4.284439146113189,4.284439146113189,6.065838765011631,0.14752056824914916,0.011295438004950142,0.057176776525253104,0.14752056824914916,19.7451750538296,0.31862670189079195,0.035592609148617865,0.018713676632593858,1.0,1.0,0.0,0.0,0.0,0.5,0.07199759425978414,1.0,0.6028504606963598,0.9412434922111225,6.097919175944132,0.0130249122393881,0.0026881720430107525,11.202530801972209,0.9049207673060884,0.984573502722323,0.9179357021996616,0.9500875656742558,0.06693129564943993,0.0791687851291673,0.18174858671533678,0.8182514132846632,0.0,0.7106366492974078
flange_0030__L2__anthropic__claude-sonnet-4-20250514__r1,parametric_claude_sonnet_v1,positive,,,generate,anthropic,claude-sonnet-4-20250514,L2,flange_0030,flange,./benchmark_v1/references_parametric/flange_0030.step,./.stepscore_harness_runs/parametric_claude_sonnet_v1/jobs/flange_0030__L2__anthropic__claude-sonnet-4-20250514__r1/attempt_01/generated.step,,./.stepscore_harness_runs/parametric_claude_sonnet_v1/jobs/flange_0030__L2__anthropic__claude-sonnet-4-20250514__r1/attempt_01/generated.stl,True,10000,2.0,full_44,0.7727272727272727,70.48117171058794,False,1.0,0.97525,1.0931981769674872,1.0000050714911535,0.10544431284899325,1.8220175307759323,2.2193327746429667,0.9994552690318744,2.96166774524967,2.7029696991458454e-08,2.7029696991458454e-08,1.55978022674504e-08,0.1674838810563486,0.03266278416472801,0.019860577914073474,0.1674838810563486,0.3319382037948486,0.022278255190298423,0.0009498638733710281,0.0005578051306843042,1.0,1.0,0.0,1.0,1.0,1.0,0.07333574771171669,1.0,0.10544188949785255,0.9644393618632331,4.3260629505308374,0.0,0.0024509803921568627,5.88754087185281,1.0,1.0,1.0,1.0,0.0762233456748032,0.086586713295488,0.18308444486894646,0.8169155551310535,0.0,0.9209029972172171
flange_0030__L3__anthropic__claude-sonnet-4-20250514__r1,parametric_claude_sonnet_v1,negative,,,generate,anthropic,claude-sonnet-4-20250514,L3,flange_0030,flange,./benchmark_v1/references_parametric/flange_0030.step,./.stepscore_harness_runs/parametric_claude_sonnet_v1/jobs/flange_0030__L3__anthropic__claude-sonnet-4-20250514__r1/attempt_01/generated.step,,./.stepscore_harness_runs/parametric_claude_sonnet_v1/jobs/flange_0030__L3__anthropic__claude-sonnet-4-20250514__r1/attempt_01/generated.stl,True,10000,2.0,full_44,0.5,43.830941426384136,False,1.0,0.90575,1.6852798717799933,1.3537915633608018,5.644447844544415,3.8404220953924777,8.405499287093622,1.2619314980828016,10.045684957894677,1.7027184280818353,1.7027184280818353,4.018516228565749,0.02965912828636874,0.004420830406942855,0.02965912828636874,0.028317070260108324,27.30553337241801,0.8116770271473455,0.012274535263984535,0.009156636391374996,1.0,1.0,0.0,0.0,0.0,0.753968253968254,0.020799009651139972,1.0,3.9449163599240187,0.8909383089069305,10.624333178173176,0.0029943158864346106,0.0021929824561403508,7.264274689566322,0.8374083129584352,0.9219380888290714,0.9013157894736842,0.9115103127079175,0.08149301339151487,0.08944394750814089,0.1623702584657967,0.8376297415342033,0.0,0.7411943619910174
flange_0039__L2__anthropic__claude-sonnet-4-20250514__r1,parametric_claude_sonnet_v1,positive,,,generate,anthropic,claude-sonnet-4-20250514,L2,flange_0039,flange,./benchmark_v1/references_parametric/flange_0039.step,./.stepscore_harness_runs/parametric_claude_sonnet_v1/jobs/flange_0039__L2__anthropic__claude-sonnet-4-20250514__r1/attempt_01/generated.step,,./.stepscore_harness_runs/parametric_claude_sonnet_v1/jobs/flange_0039__L2__anthropic__claude-sonnet-4-20250514__r1/attempt_01/generated.stl,True,10000,2.0,full_44,0.5227272727272727,49.63185231919808,False,1.0,0.81925,2.1834020011682753,1.6267729267983035,6.229396459098901,4.88253673730287,8.43568956347979,1.6370536000305602,10.51541031432796,2.1418719681730153e-09,2.1418719681730153e-09,3.250397147516732e-09,0.16143828616159084,0.0025929887257660766,0.05554639580461185,0.16143828616159084,8.408396390261572,0.12250620651293492,0.0007158185126635392,0.0007045398095812299,1.0,1.0,0.0,1.0,1.0,1.0,0.07319255689732292,1.0,6.229393277231996,0.8819739855513029,11.483607495876065,0.0,0.0021367521367521365,9.511419575589587,0.6609543010752689,0.8044989775051125,0.7874299439551641,0.7958729516487961,0.06619332470964297,0.08108900683461084,0.1717919886669523,0.8282080113330477,0.0,0.6820294521368789
flange_0039__L3__anthropic__claude-sonnet-4-20250514__r1,parametric_claude_sonnet_v1,negative,,,generate,anthropic,claude-sonnet-4-20250514,L3,flange_0039,flange,./benchmark_v1/references_parametric/flange_0039.step,./.stepscore_harness_runs/parametric_claude_sonnet_v1/jobs/flange_0039__L3__anthropic__claude-sonnet-4-20250514__r1/attempt_01/generated.step,,./.stepscore_harness_runs/parametric_claude_sonnet_v1/jobs/flange_0039__L3__anthropic__claude-sonnet-4-20250514__r1/attempt_01/generated.stl,True,10000,2.0,full_44,0.45454545454545453,43.99345153406552,False,1.0,0.878,1.4031909655117993,1.4166082276270098,4.511418605072207,2.59837530286038,7.943616386018051,1.2777613526429055,3.553358511834346,1.6896120066155322,1.6896120066155322,6.091119852216754,0.052213770035471896,0.008931020863641947,0.040193789149626014,0.052213770035471896,3.5293800742055055,0.10106142622480327,0.01037844208923088,0.005475173724741767,1.0,1.0,0.0,0.0,0.0,0.4,0.033779526682913286,1.0,1.0014833161018772,0.9496817696419002,5.369279422011487,0.020017380814279884,0.00522875816993464,9.176641830887077,0.6420395421436004,0.8278175313059034,0.7409927942353883,0.7820025348542459,0.08351755694881269,0.09541800961467195,0.18861723858306645,0.8113827614169336,0.0,0.7420264769419522
flange_0048__L2__anthropic__claude-sonnet-4-20250514__r1,parametric_claude_sonnet_v1,positive,,,generate,anthropic,claude-sonnet-4-20250514,L2,flange_0048,flange,./benchmark_v1/references_parametric/flange_0048.step,./.stepscore_harness_runs/parametric_claude_sonnet_v1/jobs/flange_0048__L2__anthropic__claude-sonnet-4-20250514__r1/attempt_01/generated.step,,./.stepscore_harness_runs/parametric_claude_sonnet_v1/jobs/flange_0048__L2__anthropic__claude-sonnet-4-20250514__r1/attempt_01/generated.stl,True,10000,2.0,full_44,0.5,50.02639748201554,False,1.0,0.8515,1.9196942002513877,1.3438537085442461,3.7974268495458574,4.558210140628041,6.799159850194576,1.3341485452009678,7.880281315333381,6.137453155469216e-08,6.137453155469216e-08,1.8547767677648844e-08,0.12404754576297705,0.023342415788761173,0.009799549586574585,0.12404754576297705,1.6885540080532877,0.06293963278873316,0.000822131351885291,0.0006799322253040031,1.0,1.0,0.0,1.0,1.0,1.0,0.05239650371277094,1.0,3.797426623489262,0.7935869582994801,19.81641687147008,0.0,0.009070714550166606,6.328862226025657,0.7865340474368784,0.8824034334763948,0.8786324786324786,0.8805139186295503,0.064896913405921,0.07534749478412454,0.13954104570230988,0.8604589542976901,0.0,0.7234981522406017
flange_0048__L3__anthropic__claude-sonnet-4-20250514__r1,parametric_claude_sonnet_v1,positive,,,generate,anthropic,claude-sonnet-4-20250514,L3,flange_0048,flange,./benchmark_v1/references_parametric/flange_0048.step,./.stepscore_harness_runs/parametric_claude_sonnet_v1/jobs/flange_0048__L3__anthropic__claude-sonnet-4-20250514__r1/attempt_01/generated.step,,./.stepscore_harness_runs/parametric_claude_sonnet_v1/jobs/flange_0048__L3__anthropic__claude-sonnet-4-20250514__r1/attempt_01/generated.stl,True,10000,2.0,full_44,0.5,49.859113652558726,False,1.0,0.8575,1.812453055314395,1.3275891735552885,3.2883438708206745,4.165916759559586,6.773561032216886,1.323491731212958,7.798562545307533,6.137457408349783e-08,6.137457408349783e-08,1.8547746275102527e-08,0.06041172156585972,0.002854462583144368,0.030997277837599313,0.06041172156585972,10.829009851475718,0.07577055326622233,0.00040041997564877857,0.0005238878724455554,1.0,1.0,0.0,1.0,1.0,1.0,0.03142115399553447,1.0,3.2883445882036058,0.7873805249182763,20.642844053075983,0.0,0.0,5.8098867444689235,0.8043143297380585,0.8907849829351536,0.8923076923076924,0.8915456874466268,0.06446814746317539,0.08458414732747029,0.13939704955953755,0.8606029504404624,0.0,0.7345810439959615
flange_0057__L2__anthropic__claude-sonnet-4-20250514__r1,parametric_claude_sonnet_v1,positive,,,generate,anthropic,claude-sonnet-4-20250514,L2,flange_0057,flange,./benchmark_v1/references_parametric/flange_0057.step,./.stepscore_harness_runs/parametric_claude_sonnet_v1/jobs/flange_0057__L2__anthropic__claude-sonnet-4-20250514__r1/attempt_01/generated.step,,./.stepscore_harness_runs/parametric_claude_sonnet_v1/jobs/flange_0057__L2__anthropic__claude-sonnet-4-20250514__r1/attempt_01/generated.stl,True,10000,2.0,full_44,0.6136363636363636,56.26444004093183,False,1.0,0.9425,1.2358453680034849,1.0183969218895188,2.7956430025142645,2.115104393885779,4.3227512427839345,1.0197290703852984,6.055974072052548,4.082117535719547e-08,4.082117535719547e-08,2.549007639085079e-08,0.12744428331420465,0.01064696443815194,0.02353454768135066,0.12744428331420465,15.53300239546229,0.03683673309268399,0.0007644065801689366,0.000520214055902811,1.0,1.0,0.0,1.0,1.0,1.0,0.053875265144569084,1.0,2.795644258001384,0.8863268188423717,10.980456234032983,0.0,0.0023809523809523807,7.713473332338881,0.9333333333333333,0.9688581314878892,0.9621993127147767,0.9655172413793104,0.07666287167720759,0.07326272186966996,0.2121261279052672,0.7878738720947328,0.0,0.8387043620845778
flange_0057__L3__anthropic__claude-sonnet-4-20250514__r1,parametric_claude_sonnet_v1,negative,,,generate,anthropic,claude-sonnet-4-20250514,L3,flange_0057,flange,./benchmark_v1/references_parametric/flange_0057.step,./.stepscore_harness_runs/parametric_claude_sonnet_v1/jobs/flange_0057__L3__anthropic__claude-sonnet-4-20250514__r1/attempt_01/generated.step,,./.stepscore_harness_runs/parametric_claude_sonnet_v1/jobs/flange_0057__L3__anthropic__claude-sonnet-4-20250514__r1/attempt_01/generated.stl,True,10000,2.0,full_44,0.5227272727272727,48.725851855462864,False,1.0,0.96775,1.123081722034441,1.0101007301319032,4.027437219901211,2.047167958673151,4.652942389529478,0.966712304555663,6.06149329855645,1.6551054924121962,1.6551054924121962,3.8421967761387723,0.045505360789308114,0.0020192265755696326,0.022017773617136527,0.045505360789308114,33.70863600475748,0.3222021360271473,0.0047845427899277995,0.0035994187125484743,1.0,1.0,0.0,0.0,0.0,0.6130952380952381,0.02318078699400476,1.0,3.1436565777425405,0.9115942703924954,8.469724541948665,0.006960338244583683,0.005937368642286676,7.448082680602144,0.9191919191919192,0.978494623655914,0.9381443298969072,0.9578947368421052,0.081555514360865,0.09504883381839453,0.2217929833937021,0.7782070166062979,0.0,0.8398364506773168
flange_0066__L2__anthropic__claude-sonnet-4-20250514__r1,parametric_claude_sonnet_v1,positive,,,generate,anthropic,claude-sonnet-4-20250514,L2,flange_0066,flange,./benchmark_v1/references_parametric/flange_0066.step,./.stepscore_harness_runs/parametric_claude_sonnet_v1/jobs/flange_0066__L2__anthropic__claude-sonnet-4-20250514__r1/attempt_01/generated.step,,./.stepscore_harness_runs/parametric_claude_sonnet_v1/jobs/flange_0066__L2__anthropic__claude-sonnet-4-20250514__r1/attempt_01/generated.stl,True,10000,2.0,full_44,0.5454545454545454,52.664512385783354,False,1.0,0.8165,1.5323437279462975,1.4022966863796387,1.283938714709787,2.621752505405658,3.1258825811378363,1.4028605849433453,3.7620548481305502,4.5648839968822274e-07,4.5648839968822274e-07,3.161795861302619e-07,0.08723909074817726,0.012794527725077387,0.020585389294012657,0.08723909074817726,18.470189938482577,0.1153506242228041,0.0003955753436959205,0.0005348739976568257,1.0,1.0,0.0,1.0,1.0,1.0,0.04020633592242243,1.0,1.2839355366913978,0.9372912966782224,7.800210490122908,0.0,0.006727549467275495,7.68536856082203,0.6506939854593523,0.7955555555555556,0.7813492063492063,0.7883883883883885,0.07179527821850257,0.08337252676835553,0.1538230924040924,0.8461769075959076,0.0,0.777644344797869
flange_0066__L3__anthropic__claude-sonnet-4-20250514__r1,parametric_claude_sonnet_v1,negative,,,generate,anthropic,claude-sonnet-4-20250514,L3,flange_0066,flange,./benchmark_v1/references_parametric/flange_0066.step,./.stepscore_harness_runs/parametric_claude_sonnet_v1/jobs/flange_0066__L3__anthropic__claude-sonnet-4-20250514__r1/attempt_01/generated.step,,./.stepscore_harness_runs/parametric_claude_sonnet_v1/jobs/flange_0066__L3__anthropic__claude-sonnet-4-20250514__r1/attempt_01/generated.stl,True,10000,2.0,full_44,0.38636363636363635,38.22278420062214,False,1.0,0.8545,1.4844588207077547,1.5589729763210851,5.535609516655634,3.2068958691085423,9.137852542270581,1.3390594838331336,4.784502274817277,4.545454180991191,4.545454180991191,8.91849802726542,0.13166723952728887,0.009174185848053185,0.034839566581581494,0.13166723952728887,1.8524473956888983,0.27513138659377606,0.04825813655373231,0.024933078041412014,1.0,1.0,0.0,0.0,0.0,0.4,0.05856033065230785,1.0,1.0845941828055374,0.9397505295899942,6.406379054004192,0.020017380814279888,0.0053030303030303025,7.293789012409814,0.6505357760110612,0.834589800443459,0.7468253968253968,0.7882722513089006,0.07604966517226923,0.07646899969413566,0.16548996344103586,0.8345100365589642,0.0,0.657009323149871
flange_0075__L2__anthropic__claude-sonnet-4-20250514__r1,parametric_claude_sonnet_v1,positive,,,generate,anthropic,claude-sonnet-4-20250514,L2,flange_0075,flange,./benchmark_v1/references_parametric/flange_0075.step,./.stepscore_harness_runs/parametric_claude_sonnet_v1/jobs/flange_0075__L2__anthropic__claude-sonnet-4-20250514__r1/attempt_01/generated.step,,./.stepscore_harness_runs/parametric_claude_sonnet_v1/jobs/flange_0075__L2__anthropic__claude-sonnet-4-20250514__r1/attempt_01/generated.stl,True,10000,2.0,full_44,0.8181818181818182,74.12014284154705,False,1.0,0.994,0.9568019810472942,0.8803814417601465,0.10653811423913408,1.6128074226585656,1.9344663034307683,0.8797346026029621,2.455639362997991,1.4183254958893036e-07,1.4183254958893036e-07,5.813040949647652e-08,0.07776705553311913,0.019739156894445387,0.00888843507024717,0.07776705553311913,0.2359265725621924,0.04441979839924078,0.0005296572502625267,0.0004680135698169366,1.0,1.0,0.0,1.0,1.0,1.0,0.035464882499270566,1.0,0.10653799274214718,0.9547548536557169,5.735400204397707,0.0,0.0017730496453900709,4.054826233397308,0.9897084048027445,0.9948275862068966,0.9948275862068966,0.9948275862068966,0.0776892264397366,0.11370011121785721,0.16297323866699884,0.8370267613330011,0.0,0.9376229586285473
flange_0075__L3__anthropic__claude-sonnet-4-20250514__r1,parametric_claude_sonnet_v1,positive,,,generate,anthropic,claude-sonnet-4-20250514,L3,flange_0075,flange,./benchmark_v1/references_parametric/flange_0075.step,./.stepscore_harness_runs/parametric_claude_sonnet_v1/jobs/flange_0075__L3__anthropic__claude-sonnet-4-20250514__r1/attempt_01/generated.step,,./.stepscore_harness_runs/parametric_claude_sonnet_v1/jobs/flange_0075__L3__anthropic__claude-sonnet-4-20250514__r1/attempt_01/generated.stl,True,10000,2.0,full_44,0.8181818181818182,74.20978088725015,False,1.0,0.99475,0.9623913080378086,0.876491923971991,0.16663876710963255,1.601132191337644,1.9447098750231904,0.8765300215282751,2.6034172928668635,2.2601706797251893e-07,2.2601706797251893e-07,9.266548594790368e-08,0.07249317373663544,0.0016716543534869288,0.0322624915695684,0.07249317373663544,0.47716235764046644,0.028422965468479118,0.0004938226414342621,0.0003769235871981612,1.0,1.0,0.0,1.0,1.0,1.0,0.03547577321989692,1.0,0.1666380912843154,0.9589167966790935,5.450017465870757,0.0,0.008345524789293787,3.833923319085573,0.9897084048027445,0.9948275862068966,0.9948275862068966,0.9948275862068966,0.07676995068978797,0.10722394671827135,0.1656248272909484,0.8343751727090516,0.0,0.9381500566038867
flange_0084__L2__anthropic__claude-sonnet-4-20250514__r1,parametric_claude_sonnet_v1,positive,,,generate,anthropic,claude-sonnet-4-20250514,L2,flange_0084,flange,./benchmark_v1/references_parametric/flange_0084.step,./.stepscore_harness_runs/parametric_claude_sonnet_v1/jobs/flange_0084__L2__anthropic__claude-sonnet-4-20250514__r1/attempt_01/generated.step,,./.stepscore_harness_runs/parametric_claude_sonnet_v1/jobs/flange_0084__L2__anthropic__claude-sonnet-4-20250514__r1/attempt_01/generated.stl,True,10000,2.0,full_44,0.5,47.69509897427662,False,1.0,0.862,1.5953757759678466,1.3556177541274148,4.636996317142114,3.183815919082604,4.74199990087104,1.3592961442126994,5.609440315192782,1.4854302278242832e-07,1.4854302278242832e-07,1.783156491708097e-08,0.11429342003252962,0.0010403535336251934,0.02946489071217684,0.11429342003252962,3.7399400842293176,0.03868330838212292,0.0005434936526548204,0.00038553888541028117,1.0,1.0,0.0,1.0,1.0,1.0,0.048266221426110555,1.0,4.636953524159894,0.8100841788603895,17.721307724490423,0.0,0.0,10.719395885825842,0.6328233657858137,0.7541436464088398,0.7973130841121495,0.7751277683134582,0.07901199807858027,0.06198694995207344,0.20775194019208035,0.7922480598079197,0.0,0.7164778815179157
flange_0084__L3__anthropic__claude-sonnet-4-20250514__r1,parametric_claude_sonnet_v1,negative,,,generate,anthropic,claude-sonnet-4-20250514,L3,flange_0084,flange,./benchmark_v1/references_parametric/flange_0084.step,./.stepscore_harness_runs/parametric_claude_sonnet_v1/jobs/flange_0084__L3__anthropic__claude-sonnet-4-20250514__r1/attempt_01/generated.step,,./.stepscore_harness_runs/parametric_claude_sonnet_v1/jobs/flange_0084__L3__anthropic__claude-sonnet-4-20250514__r1/attempt_01/generated.stl,True,10000,2.0,full_44,0.38636363636363635,36.46350607689214,False,1.0,0.896,1.4458207701320978,1.2910774001961092,7.324215627171305,2.8572661017910432,4.6439948548796925,1.261272188929362,5.8399707904063645,6.872414901388652,6.872414901388652,3.3103486258727783,0.06227356500912862,0.0022850350742658065,0.01788846894757512,0.06227356500912862,23.87897519880326,0.4843137063928571,0.07189547268618884,0.03737240905588569,1.0,1.0,0.0,0.0,0.0,0.4,0.027482356343656516,1.0,4.025266840725946,0.8818512711655369,10.881055628079855,0.020017380814279888,0.0,10.896215290258787,0.5377894276976846,0.6808628318584071,0.7190420560747663,0.6994318181818182,0.08553526728484159,0.07695168875899452,0.2539300475857815,0.7460699524142185,0.0,0.645605735665153
flange_0093__L2__anthropic__claude-sonnet-4-20250514__r1,parametric_claude_sonnet_v1,negative,,,generate,anthropic,claude-sonnet-4-20250514,L2,flange_0093,flange,./benchmark_v1/references_parametric/flange_0093.step,./.stepscore_harness_runs/parametric_claude_sonnet_v1/jobs/flange_0093__L2__anthropic__claude-sonnet-4-20250514__r1/attempt_01/generated.step,,./.stepscore_harness_runs/parametric_claude_sonnet_v1/jobs/flange_0093__L2__anthropic__claude-sonnet-4-20250514__r1/attempt_01/generated.stl,True,10000,2.0,full_44,0.38636363636363635,37.77911890304447,False,1.0,0.94075,1.2339267516663115,1.381354554048265,1.909221055642709,5.232554640224571,7.391970962401776,1.0053866767973938,5.922767423111831,32.87671280840496,32.87671280840496,20.028130243802533,0.08732061519629042,0.022438195272513894,0.015824406218257536,0.08732061519629042,0.11560686209399051,0.7136278494776647,0.30833666656266917,0.15790685125979764,1.0,1.0,0.0,0.0,0.0,0.4,0.041861072229020614,1.0,0.05477476276468404,0.8760233858543213,12.303428615945752,0.02001738081427978,0.005054914360566233,3.6867156987021716,0.7545126353790613,0.9675925925925926,0.774074074074074,0.8600823045267489,0.08093273769298545,0.10297530912905474,0.14757795845732968,0.8524220415426703,0.0,0.6410965433554603
flange_0093__L3__anthropic__claude-sonnet-4-20250514__r1,parametric_claude_sonnet_v1,negative,,,generate,anthropic,claude-sonnet-4-20250514,L3,flange_0093,flange,./benchmark_v1/references_parametric/flange_0093.step,./.stepscore_harness_runs/parametric_claude_sonnet_v1/jobs/flange_0093__L3__anthropic__claude-sonnet-4-20250514__r1/attempt_01/generated.step,,./.stepscore_harness_runs/parametric_claude_sonnet_v1/jobs/flange_0093__L3__anthropic__claude-sonnet-4-20250514__r1/attempt_01/generated.stl,True,10000,2.0,full_44,0.38636363636363635,37.77911890304447,False,1.0,0.94075,1.2339267516663115,1.381354554048265,1.909221055642709,5.232554640224571,7.391970962401776,1.0053866767973938,5.922767423111831,32.87671280840496,32.87671280840496,20.028130243802533,0.08732061519629042,0.022438195272513894,0.015824406218257536,0.08732061519629042,0.11560686209399051,0.7136278494776647,0.30833666656266917,0.15790685125979764,1.0,1.0,0.0,0.0,0.0,0.4,0.041861072229020614,1.0,0.05477476276468404,0.8760233858543213,12.303428615945752,0.02001738081427978,0.005054914360566233,3.6867156987021716,0.7545126353790613,0.9675925925925926,0.774074074074074,0.8600823045267489,0.08093273769298545,0.10297530912905474,0.14757795845732968,0.8524220415426703,0.0,0.6410965433554603
